NGRID,T1_wall_s,T1_app_s,hc1,hp1,threads,Tp_wall_s,Tp_app_s,speedup,efficiency,maxrss_kb,hc_med,hp_med
48,0.00165870925411582,nan,nan,nan,1,0.0014458331279456615,nan,1.1472342292174667,1.1472342292174667,868352.0,nan,nan
48,0.00165870925411582,nan,nan,nan,2,0.0017188331112265587,nan,0.9650205382255905,0.48251026911279526,868352.0,nan,nan
48,0.00165870925411582,nan,nan,nan,4,0.0016008326783776283,nan,1.0361540444044701,0.25903851110111753,868352.0,nan,nan
48,0.00165870925411582,nan,nan,nan,6,0.0014033750630915165,nan,1.1819429443628733,0.19699049072714556,868352.0,nan,nan
48,0.00165870925411582,nan,nan,nan,8,0.0014920826070010662,nan,1.111673875382581,0.13895923442282263,868352.0,nan,nan
